-- MySQL dump 10.13  Distrib 5.7.9, for Win64 (x86_64)
--
-- Host: localhost    Database: hotel_booking
-- ------------------------------------------------------
-- Server version	5.7.10-log

/*!40101 SET @OLD_CHARACTER_SET_CLIENT=@@CHARACTER_SET_CLIENT */;
/*!40101 SET @OLD_CHARACTER_SET_RESULTS=@@CHARACTER_SET_RESULTS */;
/*!40101 SET @OLD_COLLATION_CONNECTION=@@COLLATION_CONNECTION */;
/*!40101 SET NAMES utf8 */;
/*!40103 SET @OLD_TIME_ZONE=@@TIME_ZONE */;
/*!40103 SET TIME_ZONE='+00:00' */;
/*!40014 SET @OLD_UNIQUE_CHECKS=@@UNIQUE_CHECKS, UNIQUE_CHECKS=0 */;
/*!40014 SET @OLD_FOREIGN_KEY_CHECKS=@@FOREIGN_KEY_CHECKS, FOREIGN_KEY_CHECKS=0 */;
/*!40101 SET @OLD_SQL_MODE=@@SQL_MODE, SQL_MODE='NO_AUTO_VALUE_ON_ZERO' */;
/*!40111 SET @OLD_SQL_NOTES=@@SQL_NOTES, SQL_NOTES=0 */;

--
-- Table structure for table `category`
--

DROP TABLE IF EXISTS `category`;
/*!40101 SET @saved_cs_client     = @@character_set_client */;
/*!40101 SET character_set_client = utf8 */;
CREATE TABLE `category` (
  `idCategory` int(11) NOT NULL AUTO_INCREMENT,
  `name` varchar(255) NOT NULL,
  PRIMARY KEY (`idCategory`),
  UNIQUE KEY `name_UNIQUE` (`name`)
) ENGINE=InnoDB AUTO_INCREMENT=8 DEFAULT CHARSET=utf8;
/*!40101 SET character_set_client = @saved_cs_client */;

--
-- Dumping data for table `category`
--

LOCK TABLES `category` WRITE;
/*!40000 ALTER TABLE `category` DISABLE KEYS */;
INSERT INTO `category` VALUES (4,'бизнесс'),(6,'люкс'),(5,'полулюкс'),(7,'президенсткий'),(2,'стандарт'),(3,'стандарт улучшенный'),(1,'эконом');
/*!40000 ALTER TABLE `category` ENABLE KEYS */;
UNLOCK TABLES;

--
-- Table structure for table `hotel`
--

DROP TABLE IF EXISTS `hotel`;
/*!40101 SET @saved_cs_client     = @@character_set_client */;
/*!40101 SET character_set_client = utf8 */;
CREATE TABLE `hotel` (
  `idhotel` int(11) NOT NULL AUTO_INCREMENT,
  `name` varchar(255) NOT NULL,
  `phone` varchar(45) NOT NULL,
  `logo` longblob,
  `loc` int(11) NOT NULL,
  PRIMARY KEY (`idhotel`),
  UNIQUE KEY `idhotel_UNIQUE` (`idhotel`),
  KEY `loc_idx` (`loc`),
  CONSTRAINT `loc` FOREIGN KEY (`loc`) REFERENCES `location` (`idlocation`) ON DELETE CASCADE ON UPDATE CASCADE
) ENGINE=InnoDB AUTO_INCREMENT=93 DEFAULT CHARSET=utf8;
/*!40101 SET character_set_client = @saved_cs_client */;

--
-- Dumping data for table `hotel`
--

LOCK TABLES `hotel` WRITE;
/*!40000 ALTER TABLE `hotel` DISABLE KEYS */;
INSERT INTO `hotel` VALUES (1,'Ривьера','+74038577',NULL,3),(2,'Интурист','+7909888765',NULL,4),(3,'Бристоль','+735354635',NULL,5),(4,'Ольховка','+747354538',NULL,6),(5,'Поляна','+7634623635',NULL,7),(6,'Ритз Карлтон','+7536253726',NULL,8),(7,'Шаляпин','+734736457',NULL,9),(8,'Пальмира','+7909888765',NULL,10),(9,'Лотте','+7673362733',NULL,11),(10,'Четыре Сезона','89097654242',NULL,12),(11,'Меркурий','84956573625',NULL,13),(12,'Свисс Красные холмы','+7984746453',NULL,14),(13,'Рэдисон','89092212442',NULL,15),(14,'Метрополь','+7354536363',NULL,16),(15,'Аврора','+7352372352',NULL,17),(16,'Балчуг','+7356711188',NULL,18),(17,'Азимут','+7352443286',NULL,19),(18,'Шератон','+7357465655',NULL,20),(19,'Горный отель Тенери','+7125362352',NULL,21),(20,'Алтай Рай','+7127475645',NULL,22),(21,'Чемальская Лагуна','+7146455433',NULL,23),(22,'Дежавю','+7158493630',NULL,24),(23,'Турсиб','+7124343400',NULL,25),(24,'Лазурит','+7100534228',NULL,26),(25,'Муссон','+3365435353',NULL,27),(26,'Медный Всадник','+3166352342',NULL,28),(27,'Мрия Ресорт','+3832937233',NULL,29),(28,'Счастливый Отель','+3253532434',NULL,30),(29,'Ялта-Интурист','+3253254399',NULL,31),(30,'Крымский','+3855009431',NULL,32),(31,'Гостевой дом на Кирова','+3453672100',NULL,33),(32,'Престиж','+3241241288',NULL,34),(33,'Вилла Катрин','+3890022521',NULL,35),(34,'Вилла Елена','+3758038384',NULL,36),(35,'Крымский Бриз','+3253550036',NULL,37),(36,'Санаторий Жемчужина','+3265074764',NULL,38),(37,'Апарт Отель Омега','+3265473400',NULL,39),(38,'Калипса','+3578493333',NULL,40),(39,'Вилла Любимая','+3524340000',NULL,41),(40,'Витекс','+3584757555',NULL,42),(41,'Демерджи','+3212512422',NULL,43),(42,'Летучая Мышь','+3241867749',NULL,44),(43,'Фламинго Судак','+3425335288',NULL,45),(44,'Отдых у Ольги','+3263523545',NULL,46),(45,'Эдэм','+3212522544',NULL,47),(46,'Отель Комфорт','+3424263980',NULL,48),(47,'Каисса','+3079865411',NULL,49),(48,'Лидия','+3958744002',NULL,50),(49,'Вилла Елена','+3844565699',NULL,51),(50,'Бон Мезон','+3253003833',NULL,52),(51,'Равенна','+3514465500',NULL,53),(52,'Наш Двор','+3153008442',NULL,54),(53,'Князь Голицын','+3264745663',NULL,55),(54,'Ромашка','+3212542445',NULL,56),(55,'Форум','+3212599999',NULL,57),(56,'Адмирал Нельсон','+3229826620',NULL,58),(57,'Мини-отель Ленин','+3690822510',NULL,59),(58,'Отель Сота','+3680136456',NULL,60),(59,'Дворец Трезина','8464455765',NULL,61),(60,'Привилегия','8453378000',NULL,62),(61,'Евразия','8336290211',NULL,63),(62,'Регина','+749425633',NULL,64),(63,'Мини-отель Лиговский','+762550092',NULL,65),(64,'Отель Галерея','+753293873',NULL,66),(65,'Гостинница Россия','+725323874',NULL,67),(66,'Отель Русь','812442323',NULL,68),(67,'Невский 14','8934645544',NULL,69),(68,'Станция М9','+753545499',NULL,70),(69,'Станция А3','+725324242',NULL,71),(70,'Адмиралтейский','890334211',NULL,72),(71,'Отель на Водопадной','+725433333',NULL,73),(72,'Актавина','+749532508',NULL,74),(73,'Санн-Галли','+732534343',NULL,75),(74,'Парк Инн','809347354',NULL,76),(75,'Ренессанс Балтик','894375424',NULL,77),(76,'ЦИПК ','890375422',NULL,78),(77,'Бизнес-отель Белеведер','+749425343',NULL,79),(78,'Апартаменты Арбат','+753424990',NULL,80),(79,'Космос','890976421',NULL,81),(80,'Парк Инн Отель','+763532347',NULL,82),(81,'Пекин','+743432300',NULL,83),(82,'Хилтон Казань','+784432219',NULL,84),(83,'Особняк на Театральной','+784810001',NULL,85),(84,'Гранд Отель Казань','+743544338',NULL,86),(85,'Татарин','+785344650',NULL,87),(86,'Шаляпин Палас','+784643411',NULL,88),(87,' Европа','+735428483',NULL,89),(88,'Корстон Рояль Казань','+745334996',NULL,90),(89,'Престиж','890393745',NULL,91),(90,'Три Пескаря','899642113',NULL,92),(91,'Октябрьская','+735244125',NULL,93),(92,'Гранд Отель Курск','+753424522',NULL,94);
/*!40000 ALTER TABLE `hotel` ENABLE KEYS */;
UNLOCK TABLES;

--
-- Table structure for table `location`
--

DROP TABLE IF EXISTS `location`;
/*!40101 SET @saved_cs_client     = @@character_set_client */;
/*!40101 SET character_set_client = utf8 */;
CREATE TABLE `location` (
  `idlocation` int(11) NOT NULL AUTO_INCREMENT,
  `country` varchar(45) NOT NULL,
  `region` varchar(255) DEFAULT NULL,
  `city` varchar(45) NOT NULL,
  `streat` varchar(255) NOT NULL,
  `building` varchar(45) NOT NULL,
  PRIMARY KEY (`idlocation`),
  UNIQUE KEY `idlocation_UNIQUE` (`idlocation`)
) ENGINE=InnoDB AUTO_INCREMENT=95 DEFAULT CHARSET=utf8;
/*!40101 SET character_set_client = @saved_cs_client */;

--
-- Dumping data for table `location`
--

LOCK TABLES `location` WRITE;
/*!40000 ALTER TABLE `location` DISABLE KEYS */;
INSERT INTO `location` VALUES (3,'Россия','Москва','Москва','Первомайская','1'),(4,'Россия','Смоленская область','Смоленск','Привольная','7'),(5,'Россия','Москва','Москва','Кирпичная','33'),(6,'Россия','Краснодарский край','Сочи','Приморская','2'),(7,'Россия','Крым','Ялта','Ошен драйв','4'),(8,'Россия','Краснодарский край','Сочи','Линкольн ','23'),(9,'Россия','Краснодарский край','Сочи','Црауз','132'),(10,'Россия','Краснодарский край','Сочи','Речная','65'),(11,'Россия','Краснодарский край','Сочи','Мастерная','54'),(12,'Россия','Республика Дагестан','Махачкала','Горная','1'),(13,'Россия','Республика Дагестан','Махачкала','Народная','13'),(14,'Россия','Республика Дагестан','Махачкала','Ленина','23'),(15,'Россия','Республика Дагестан','Дербент','Царицына','69'),(16,'Россия','Республика Дагестан','Дербент','Аграраная','4'),(17,'Россия','Республика Дагестан','Дербент','Бешенцева','45'),(18,'Россия','Республика Дагестан','Каспийск','Атаева','2'),(19,'Россия','Республика Дагестан','Каспийск','Международная','17'),(20,'Россия','Республика Дагестан','Каспийск','Гоголя','73'),(21,'Россия','Республика Алтай','Барнаул','Гранатовая','2'),(22,'Россия','Республика Алтай','Барнаул','Горка','7'),(23,'Россия','Республика Алтай','Барнаул','Давыдова','123'),(24,'Россия','Республика Алтай','Белокуриха','Дьякова','4'),(25,'Россия','Республика Алтай','Белокуриха','Ермолова','76'),(26,'Россия','Республика Алтай','Белокуриха','Зеленая','11'),(27,'Россия','Крым','Симферополь','Народная','1'),(28,'Россия','Крым','Симферополь','Аэропортная','467'),(29,'Россия','Крым','Симферополь','Народного ополчения','2'),(30,'Россия','Крым','Симферополь','Вокзальная','6'),(31,'Россия','Крым','Ялта','Дражинского','23'),(32,'Россия','Крым','Ялта','Дражинского','17'),(33,'Россия','Крым','Ялта','Кирова','3'),(34,'Россия','Крым','Ялта','Орлиная','8'),(35,'Россия','Крым','Евпатория','Московская','1'),(36,'Россия','Крым','Евпатория','Мухина','18'),(37,'Россия','Крым','Евпатория','Мира','4'),(38,'Россия','Крым','Евпатория','Блюхера','34'),(39,'Россия','Крым','Евпатория','Войкова','65'),(40,'Россия','Крым','Алушта','Крупской','2'),(41,'Россия','Крым','Алушта','Крупской','1'),(42,'Россия','Крым','Алушта','Котельникова','4'),(43,'Россия','Крым','Алушта','Толстого','28'),(44,'Россия','Крым','Алушта','Щорса','133'),(45,'Россия','Крым','Судак','Мира','112'),(46,'Россия','Крым','Судак','Проезжая','29'),(47,'Россия','Крым','Судак','Чехова','111'),(48,'Россия','Крым','Судак','Южная','12'),(49,'Россия','Крым','Судак','Южная','4'),(50,'Россия','Крым','Коктебель','Набережная','17'),(51,'Россия','Крым','Коктебель','Набережная','11'),(52,'Россия','Крым','Коктебель','Набережная','6'),(53,'Россия','Крым','Коктебель','Морская','1'),(54,'Россия','Крым','Коктебель','Парковая','3'),(55,'Россия','Крым','Новый свет','Голицына','1'),(56,'Россия','Крым','Новый свет','Голицына','2'),(57,'Россия','Крым','Новый свет','Набережная','1'),(58,'Россия ','Крым','Новый свет','Набережная','7'),(59,'Россия','Крым','Новый свет','Шаляпина','2'),(60,'Россия','Крым','Новый свет','Шаляпина','12'),(61,'Россия','Санкт-Петербург','Санкт-Петербург','Ленинградская улица','23'),(62,'Россия','Санкт-Петербург','Санкт-Петербург','Невский проспект','1'),(63,'Россия','Санкт-Петербург','Санкт-Петербург','Невский проспект','145'),(64,'Россия','Санкт-Петербург','Санкт-Петербург','Невский проспект','14'),(65,'Россия','Санкт-Петербург','Санкт-Петербург','Лиговский проспект','8'),(66,'Россия','Санкт-Петербург','Санкт-Петербург','Лиговский проспект','144'),(67,'Россия','Санкт-Петербург','Санкт-Петербург','Невский проспект','144'),(68,'Россия','Санкт-Петербург','Санкт-Петербург','Невский проспект','22'),(69,'Россия','Санкт-Петербург','Санкт-Петербург','Невский проспект','14'),(70,'Россия','Ленинградская область','Петергоф','Равенства','3'),(71,'Россия','Ленинградская область','Петергоф','Тучкова','8'),(72,'Россия','Ленинградская область','Петергоф','Строителей','11'),(73,'Россия','Ленинградская область','Петергоф','Водопадная','7'),(74,'Россия','Москва','Москва','Кузнецкий мост','37'),(75,'Росия','Москва','Москва','Кузнецкий мост','8'),(76,'Россия','Москва','Москва','Солянка','44'),(77,'Россия','Москва','Москва','Большая Якиманка','122'),(78,'Россия','Москва','Москва','Большая Якиманка','84'),(79,'Россия','Москва','Москва','Арбат','6'),(80,'Россия','Москва','Москва','Новый Арбат','45'),(81,'Россия','Москва','Москва','Новый Арбат','34'),(82,'Россия','Москва','Москва','Лубянка','5'),(83,'Россия','Москва','Москва','Большая Полянка','432'),(84,'Россия','Республика Татарстан','Казань','Актайская','6'),(85,'Россия','Республика Татарстан','Казань','Алан','44'),(86,'Россия','Республика Татарстан','Казань','Багратиона','89'),(87,'Россия','Республика Татарстан','Казань','Бишек','17'),(88,'Россия','Республика Татарстан','Казань','Волкова','11'),(89,'Россия','Республика Татарстан','Казнь','Габдулы Тукая','6'),(90,'Россия','Республика Татарстан','Казань','Имянле','11'),(91,'Россия','Курская область','Курск','Строителей','3'),(92,'Россия','Курская область','Курск','Маршала Жукова','67'),(93,'Россия','Курская область','Курск','Речная','38'),(94,'Россия','Курская область','Курск','Новослободская','10');
/*!40000 ALTER TABLE `location` ENABLE KEYS */;
UNLOCK TABLES;

--
-- Table structure for table `pearsons`
--

DROP TABLE IF EXISTS `pearsons`;
/*!40101 SET @saved_cs_client     = @@character_set_client */;
/*!40101 SET character_set_client = utf8 */;
CREATE TABLE `pearsons` (
  `idpearsons` int(11) NOT NULL AUTO_INCREMENT,
  `name` varchar(255) NOT NULL,
  `phone` varchar(45) DEFAULT NULL,
  `document` varchar(45) NOT NULL,
  `gender` varchar(45) DEFAULT NULL,
  PRIMARY KEY (`idpearsons`),
  UNIQUE KEY `idpearsons_UNIQUE` (`idpearsons`)
) ENGINE=InnoDB AUTO_INCREMENT=8 DEFAULT CHARSET=utf8;
/*!40101 SET character_set_client = @saved_cs_client */;

--
-- Dumping data for table `pearsons`
--

LOCK TABLES `pearsons` WRITE;
/*!40000 ALTER TABLE `pearsons` DISABLE KEYS */;
INSERT INTO `pearsons` VALUES (1,'Иван','+79879898989','23455664','м'),(2,'Петров','+788888','12345','м'),(3,'Сидоров','+89798','99999','м'),(4,'Иванова','222','111','ж'),(5,'Пушкин лександр','+89989877','00000','м'),(7,'Иванов','+7353545454','1564578','м');
/*!40000 ALTER TABLE `pearsons` ENABLE KEYS */;
UNLOCK TABLES;

--
-- Table structure for table `reservation`
--

DROP TABLE IF EXISTS `reservation`;
/*!40101 SET @saved_cs_client     = @@character_set_client */;
/*!40101 SET character_set_client = utf8 */;
CREATE TABLE `reservation` (
  `idreservation` int(11) NOT NULL AUTO_INCREMENT,
  `datein` datetime NOT NULL,
  `dateout` datetime NOT NULL,
  `idroom` int(11) NOT NULL,
  `taxitoairport` int(11) DEFAULT '0',
  `taxifromairport` int(11) DEFAULT '0',
  `pearson` int(11) NOT NULL,
  PRIMARY KEY (`idreservation`),
  UNIQUE KEY `idreservation_UNIQUE` (`idreservation`),
  KEY `idroom_idx` (`idroom`),
  KEY `pers_idx` (`pearson`),
  CONSTRAINT `idroom` FOREIGN KEY (`idroom`) REFERENCES `rooms` (`idrooms`) ON DELETE CASCADE ON UPDATE CASCADE,
  CONSTRAINT `pers` FOREIGN KEY (`pearson`) REFERENCES `pearsons` (`idpearsons`) ON DELETE CASCADE ON UPDATE CASCADE
) ENGINE=InnoDB AUTO_INCREMENT=25 DEFAULT CHARSET=utf8;
/*!40101 SET character_set_client = @saved_cs_client */;

--
-- Dumping data for table `reservation`
--

LOCK TABLES `reservation` WRITE;
/*!40000 ALTER TABLE `reservation` DISABLE KEYS */;
INSERT INTO `reservation` VALUES (4,'2016-12-12 00:00:00','2016-12-15 00:00:00',15,0,0,1),(5,'2016-12-12 00:00:00','2016-12-15 00:00:00',15,0,0,1),(6,'2016-12-12 00:00:00','2016-12-15 00:00:00',15,0,0,1),(7,'2016-12-12 00:00:00','2016-12-15 00:00:00',15,0,0,1),(8,'2016-12-12 00:00:00','2016-12-15 00:00:00',15,0,0,1),(9,'2016-12-12 00:00:00','2016-12-15 00:00:00',15,0,0,1),(10,'2016-12-12 00:00:00','2016-12-15 00:00:00',15,0,0,1),(11,'2016-12-12 00:00:00','2016-12-15 00:00:00',15,0,0,1),(12,'2016-12-12 00:00:00','2016-12-15 00:00:00',15,0,0,1),(13,'2016-12-12 00:00:00','2016-12-15 00:00:00',15,0,0,1),(14,'2016-12-17 00:00:00','2016-12-27 00:00:00',17,0,1,4),(15,'2016-12-15 00:00:00','2017-01-05 00:00:00',398,1,1,5),(17,'2016-12-17 00:00:00','2016-12-29 00:00:00',134,0,0,4),(18,'2016-12-17 00:00:00','2016-12-17 00:00:00',372,0,0,4),(19,'2016-12-17 00:00:00','2016-12-17 00:00:00',373,0,0,4),(20,'2016-12-17 00:00:00','2016-12-17 00:00:00',268,0,0,4),(21,'2016-12-17 00:00:00','2016-12-17 00:00:00',85,0,0,4),(22,'2016-12-17 00:00:00','2016-12-17 00:00:00',372,0,0,4),(23,'2016-12-17 00:00:00','2016-12-17 00:00:00',15,0,0,4),(24,'2016-12-20 00:00:00','2016-12-29 00:00:00',298,1,1,7);
/*!40000 ALTER TABLE `reservation` ENABLE KEYS */;
UNLOCK TABLES;

--
-- Table structure for table `rooms`
--

DROP TABLE IF EXISTS `rooms`;
/*!40101 SET @saved_cs_client     = @@character_set_client */;
/*!40101 SET character_set_client = utf8 */;
CREATE TABLE `rooms` (
  `idrooms` int(11) NOT NULL AUTO_INCREMENT,
  `roomscat` int(11) NOT NULL,
  `price` int(11) NOT NULL,
  `idhot` int(11) NOT NULL,
  `roomscount` int(11) NOT NULL,
  PRIMARY KEY (`idrooms`),
  UNIQUE KEY `idrooms_UNIQUE` (`idrooms`),
  KEY `idot_idx` (`idhot`),
  KEY `roomscat_idx` (`roomscat`),
  CONSTRAINT `idot` FOREIGN KEY (`idhot`) REFERENCES `hotel` (`idhotel`) ON DELETE CASCADE ON UPDATE CASCADE,
  CONSTRAINT `roomscat` FOREIGN KEY (`roomscat`) REFERENCES `category` (`idCategory`) ON DELETE CASCADE ON UPDATE CASCADE
) ENGINE=InnoDB AUTO_INCREMENT=690 DEFAULT CHARSET=utf8;
/*!40101 SET character_set_client = @saved_cs_client */;

--
-- Dumping data for table `rooms`
--

LOCK TABLES `rooms` WRITE;
/*!40000 ALTER TABLE `rooms` DISABLE KEYS */;
INSERT INTO `rooms` VALUES (15,1,500,1,10),(16,2,750,1,8),(17,3,700,1,18),(18,4,890,1,15),(19,5,1500,1,21),(20,6,350,1,6),(21,7,680,1,11),(22,1,1000,2,55),(23,2,1000,2,23),(24,3,1200,2,33),(25,4,1800,2,450),(26,5,1900,2,444),(27,6,1888,2,331),(28,7,1999,2,22),(29,1,1632,3,12),(30,2,2000,3,11),(31,3,2045,3,11),(36,4,3330,3,12),(37,5,4323,3,13),(38,6,4660,3,12),(39,7,7000,3,6),(40,1,1000,4,12),(41,2,1500,4,11),(42,3,2000,4,33),(43,4,2300,4,45),(44,5,4000,4,22),(45,6,5900,4,21),(46,7,1100,4,6),(47,1,1000,5,29),(48,2,1200,5,40),(49,3,1300,5,55),(50,4,1999,5,23),(51,5,2000,5,22),(52,6,2500,5,3),(53,7,5000,5,1),(54,1,1600,6,18),(55,2,2000,6,37),(56,3,2600,6,50),(57,4,3500,6,100),(58,5,5900,6,25),(59,6,7600,6,4),(60,7,11000,6,3),(61,1,1800,7,11),(62,2,2500,7,122),(63,3,4500,7,23),(64,4,4999,7,56),(65,5,5200,7,33),(66,6,7600,7,12),(67,7,8999,7,7),(68,1,1888,8,17),(69,2,2300,8,39),(70,3,2700,8,58),(71,4,3100,8,12),(72,5,4535,8,17),(73,6,8363,8,23),(74,7,17000,8,1),(75,1,1000,9,13),(76,2,1200,9,25),(77,3,2900,9,29),(78,4,43005,9,76),(79,5,5000,9,13),(80,6,6444,9,6),(81,7,23000,9,4),(82,1,1000,10,19),(83,2,1200,10,23),(84,3,1700,10,45),(85,4,2000,10,23),(86,5,2500,10,55),(87,6,7400,10,8),(88,7,13000,10,2),(89,1,1000,11,11),(90,2,1222,11,12),(91,3,2000,11,44),(92,4,5333,11,33),(93,5,8333,11,12),(94,6,11000,11,2),(95,7,16222,11,1),(96,1,1300,12,11),(97,2,3000,12,44),(98,3,4440,12,23),(99,4,4999,12,12),(100,5,5800,12,14),(101,6,11000,12,21),(102,7,17000,12,4),(103,1,1000,13,45),(104,2,1200,13,12),(105,3,1300,13,11),(106,4,1400,13,11),(107,5,1500,13,4),(108,6,4500,13,13),(109,7,12000,13,4),(110,1,600,14,12),(111,2,1300,14,76),(112,3,1800,14,22),(113,4,2300,14,22),(114,5,4000,14,12),(115,6,5600,14,7),(116,7,12000,14,3),(124,1,1000,15,12),(125,2,1300,15,133),(126,3,1799,15,36),(127,4,3400,15,6),(128,5,7500,15,2),(129,6,9000,15,8),(130,7,11200,15,1),(131,1,1200,16,22),(132,2,2000,16,25),(133,3,2800,16,12),(134,4,5000,16,25),(135,5,6800,16,22),(136,6,7000,16,11),(137,7,12000,16,5),(138,1,1755,17,34),(139,2,3847,17,54),(140,3,5400,17,22),(141,4,6700,17,13),(142,5,7764,17,2),(143,6,9484,17,22),(144,7,12000,17,1),(145,1,1000,18,23),(146,2,1763,18,54),(147,3,4300,18,32),(148,4,5440,18,22),(149,5,7544,18,12),(150,6,8900,18,3),(151,7,9888,18,1),(152,1,2000,19,12),(153,2,2490,19,122),(154,3,4300,19,11),(155,4,4500,19,65),(156,5,5400,19,33),(157,6,23000,19,5),(158,7,29999,19,1),(166,1,1844,20,34),(167,2,2300,20,54),(168,3,3999,20,33),(169,4,4746,20,22),(170,5,4999,20,43),(171,6,9874,20,24),(172,7,12300,20,2),(173,1,1200,21,12),(174,2,4300,21,122),(175,3,5333,21,34),(176,4,6553,21,32),(177,5,9300,21,11),(178,6,11000,21,4),(179,7,18474,21,1),(180,1,2100,22,23),(181,2,5353,22,133),(182,3,8663,22,11),(183,4,9737,22,123),(184,5,10000,22,11),(185,6,14000,22,2),(186,7,15600,22,1),(187,1,1200,23,23),(188,2,2390,23,12),(189,3,2400,23,36),(190,4,5400,23,365),(191,5,6700,23,54),(192,6,8900,23,24),(193,7,12000,23,234),(194,1,2343,24,32),(195,2,4999,24,36),(196,3,6800,24,73),(197,4,7643,24,74),(198,5,12000,24,25),(199,6,13500,24,52),(200,7,23700,24,5),(201,1,1000,25,12),(202,2,1200,25,12),(203,3,1400,25,12),(204,4,1900,25,12),(205,5,4300,25,12),(206,6,7500,25,12),(207,7,12747,25,2),(208,1,1200,26,43),(209,2,3400,26,43),(210,3,3469,26,43),(211,4,6000,26,43),(212,5,6569,26,3),(213,6,7654,26,3),(214,7,12399,26,1),(221,1,1299,27,23),(222,2,2300,27,5),(223,3,3000,27,23),(224,4,4300,27,23),(225,5,4443,27,23),(226,6,6544,27,23),(227,7,12390,27,23),(228,1,1200,28,28),(229,2,3499,28,28),(230,3,4588,28,28),(231,4,12000,28,28),(232,5,13000,28,28),(233,6,18770,28,28),(234,7,23888,28,28),(235,1,1200,29,29),(236,2,2300,29,29),(237,3,2600,29,29),(238,4,2900,29,29),(239,5,3000,29,29),(240,6,3500,29,29),(241,7,5600,29,29),(242,1,1200,30,30),(243,2,1344,30,2),(244,3,3000,30,30),(245,4,4000,30,30),(246,5,5000,30,30),(247,6,6000,30,30),(248,7,12000,30,3),(249,1,1000,31,31),(250,2,1200,31,31),(251,3,1300,31,31),(252,4,1499,31,12),(253,5,3400,31,31),(254,6,5600,31,31),(255,7,8765,31,2),(256,1,2000,32,32),(257,2,2300,32,32),(258,3,3400,32,32),(259,4,5400,32,32),(260,5,6500,32,32),(261,6,7600,32,32),(262,7,12888,32,2),(263,1,1200,33,33),(264,2,1200,33,33),(265,3,1200,33,33),(266,4,3400,33,33),(267,5,3400,33,33),(268,6,9433,33,33),(269,7,12399,33,1),(270,1,2300,34,34),(271,2,2300,34,34),(272,3,2300,34,34),(273,4,2300,34,34),(274,5,2300,34,34),(275,6,2300,34,34),(276,7,45000,34,4),(277,1,1200,35,35),(278,2,1200,35,35),(279,3,1200,35,35),(280,4,1200,35,35),(281,5,1200,35,35),(282,6,1200,35,35),(283,7,8999,35,4),(284,1,2000,36,36),(285,2,2000,36,36),(286,3,2000,36,36),(287,4,2000,36,36),(288,5,2000,36,36),(289,6,2000,36,36),(290,7,7600,36,6),(291,1,2100,37,37),(292,2,2300,37,37),(293,3,4500,37,37),(294,4,5600,37,37),(295,5,6500,37,37),(296,6,8766,37,37),(297,7,15644,37,3),(298,1,3400,38,120),(299,2,5000,38,120),(300,3,6000,38,120),(301,4,7000,38,120),(302,5,8888,38,120),(303,6,11000,38,12),(304,7,16000,38,4),(305,1,4350,39,39),(306,2,4350,39,39),(307,3,4350,39,39),(308,4,7600,39,120),(309,5,8888,39,39),(310,6,24599,39,39),(311,7,56000,39,5),(312,1,1200,40,40),(313,2,3200,40,40),(314,3,4500,40,40),(315,4,7655,40,40),(316,5,8900,40,12),(317,6,11333,40,11),(318,7,18900,40,3),(319,1,1230,41,41),(320,2,4300,41,41),(321,3,4304,41,41),(322,4,4500,41,12),(323,5,6500,41,4),(324,6,7400,41,4),(325,7,12300,41,2),(326,1,4300,42,42),(327,2,5400,42,42),(328,3,7600,42,42),(329,4,8888,42,42),(330,5,9866,42,42),(331,6,12000,42,42),(332,7,19844,42,4),(333,1,5400,43,43),(334,2,6000,43,43),(335,3,7500,43,43),(336,4,8900,43,43),(337,5,12000,43,43),(338,6,14000,43,2),(339,7,18999,43,1),(340,1,3200,44,44),(341,2,3400,44,44),(342,3,3900,44,22),(343,4,5400,44,3),(344,5,8600,44,32),(345,6,12000,44,1),(346,7,24000,44,2),(347,1,1000,45,45),(348,2,1200,45,45),(349,3,1300,45,45),(350,4,4300,45,45),(351,5,5400,45,45),(352,6,8900,45,4),(353,7,18999,45,2),(354,1,4300,46,46),(355,2,8700,46,46),(356,3,12000,46,46),(357,4,13000,46,46),(358,5,14000,46,4),(359,6,16999,46,4),(360,7,43000,46,1),(361,1,1200,47,47),(362,2,1300,47,47),(363,3,4000,47,47),(364,4,4500,47,47),(365,5,8900,47,54),(366,6,9000,47,2),(367,7,12300,47,3),(368,1,4300,48,48),(369,2,4500,48,48),(370,3,6000,48,48),(371,4,7000,48,48),(372,5,8000,48,23),(373,6,9600,48,22),(374,7,23444,48,1),(375,1,1000,49,49),(376,2,3000,49,49),(377,3,4000,49,49),(378,4,6000,49,49),(379,5,7800,49,32),(380,6,9999,49,11),(381,7,18777,49,2),(382,1,1000,50,50),(383,2,2300,50,50),(384,3,3400,50,50),(385,4,4500,50,50),(386,5,6500,50,23),(387,6,6700,50,11),(388,7,12000,50,2),(389,1,250,51,51),(390,2,1000,51,98),(391,3,2000,51,30),(392,4,3000,51,51),(393,5,4300,51,51),(394,6,5400,51,51),(395,7,9000,51,2),(396,1,300,52,52),(397,2,1200,52,52),(398,3,1789,52,52),(399,4,4500,52,52),(400,5,4999,52,54),(401,6,12000,52,22),(402,7,18999,52,1),(403,1,100,53,53),(404,2,1400,53,53),(405,3,2300,53,53),(406,4,3460,53,53),(407,5,8766,53,4),(408,6,12000,53,12),(409,7,32000,53,1),(410,1,1000,54,54),(411,2,2300,54,54),(412,3,3400,54,54),(413,4,4500,54,23),(414,5,6666,54,11),(415,6,7899,54,11),(416,7,91999,54,2),(417,1,200,55,55),(418,2,1200,55,55),(419,3,3200,55,55),(420,4,5400,55,55),(421,5,8766,55,55),(422,6,8999,55,22),(423,7,13666,55,1),(424,1,1200,56,56),(425,2,2300,56,17),(426,3,4300,56,4),(427,4,5400,56,129),(428,5,6500,56,8),(429,6,12000,56,56),(430,7,18999,56,5),(431,1,290,57,57),(432,2,1200,57,57),(433,3,2300,57,57),(434,4,4444,57,57),(435,5,4799,57,22),(436,6,9999,57,12),(437,7,12999,57,1),(444,1,1000,58,58),(445,2,2300,58,58),(446,3,6500,58,32),(447,4,6767,58,58),(448,5,12000,58,58),(449,6,32000,58,8),(450,7,39999,58,2),(451,1,1000,59,59),(452,2,2300,59,59),(453,3,3400,59,59),(454,4,4500,59,59),(455,5,5466,59,11),(456,6,6700,59,2),(457,7,18900,59,2),(458,1,1000,60,60),(459,2,3240,60,120),(460,3,5400,60,32),(461,4,6666,60,11),(462,5,8700,60,12),(463,6,9999,60,11),(464,7,15999,60,5),(465,1,2300,61,61),(466,2,3400,61,61),(467,3,4500,61,61),(468,4,5400,61,61),(469,5,9999,61,3),(470,6,10233,61,2),(471,7,16666,61,11),(472,1,2100,62,5),(473,2,3200,62,62),(474,3,4300,62,62),(475,4,5300,62,21),(476,5,8333,62,62),(477,6,9999,62,22),(478,7,39000,62,1),(479,1,210,63,63),(480,2,1999,63,63),(481,3,3200,63,63),(482,4,6666,63,63),(483,5,7600,63,63),(484,6,9999,63,21),(485,7,19876,63,1),(486,1,1000,64,64),(487,2,3200,64,64),(488,3,4300,64,64),(489,4,6500,64,64),(490,5,9877,64,64),(491,6,9999,64,64),(492,7,89009,64,3),(493,1,3200,65,65),(494,2,1200,65,65),(495,3,2100,65,129),(496,4,8755,65,65),(497,5,38339,65,363),(498,6,65555,65,65),(499,7,99999,65,6),(500,1,1200,66,66),(501,2,3200,66,66),(502,3,3299,66,66),(503,4,5400,66,66),(504,5,8888,66,66),(505,6,12000,66,66),(506,7,18888,66,8),(507,1,100,67,67),(508,2,3299,67,67),(509,3,7600,67,67),(510,4,9888,67,23),(511,5,12000,67,54),(512,6,18990,67,2),(513,7,43000,67,11),(514,1,1200,68,68),(515,2,3200,68,68),(516,3,4000,68,68),(517,4,7666,68,68),(518,5,9888,68,21),(519,6,12222,68,11),(520,7,34000,68,2),(521,1,1200,69,69),(522,2,3200,69,69),(523,3,5400,69,69),(524,4,6555,69,69),(525,5,12000,69,69),(526,6,65555,69,2),(527,7,88888,69,1),(528,1,300,70,70),(529,2,1200,70,70),(530,3,2300,70,70),(531,4,3400,70,70),(532,5,4500,70,12),(533,6,5499,70,22),(534,7,9999,70,2),(535,1,2100,71,71),(536,2,3200,71,71),(537,3,4300,71,71),(538,4,6500,71,71),(539,5,9999,71,71),(540,6,12999,71,21),(541,7,21999,71,2),(542,1,1200,72,72),(543,2,3200,72,72),(544,3,6500,72,72),(545,4,6555,72,21),(546,5,8888,72,32),(547,6,9888,72,3),(548,7,12999,72,4),(549,1,400,73,73),(550,2,4300,73,73),(551,3,4399,73,73),(552,4,6555,73,21),(553,5,7666,73,33),(554,6,8777,73,3),(555,7,19999,73,5),(556,1,2100,74,74),(557,2,5400,74,74),(558,3,7644,74,74),(559,4,7999,74,74),(560,5,11111,74,3),(561,6,12399,74,22),(562,7,19999,74,1),(563,1,1200,75,75),(564,2,3299,75,75),(565,3,9999,75,75),(566,4,11200,75,75),(567,5,18888,75,75),(568,6,23999,75,22),(569,7,32000,75,4),(570,1,210,76,76),(571,2,1399,76,76),(572,3,3299,76,76),(573,4,4333,76,22),(574,5,8433,76,33),(575,6,9999,76,22),(576,7,12888,76,5),(577,1,1200,77,43),(578,2,2300,77,22),(579,3,4300,77,121),(580,4,6500,77,33),(581,5,7666,77,22),(582,6,9977,77,44),(583,7,19999,77,2),(584,1,4300,78,78),(585,2,8700,78,78),(586,3,9999,78,78),(587,4,12999,78,12),(588,5,17966,78,53),(589,6,19999,78,4),(590,7,32999,78,14),(591,1,3200,79,79),(592,2,3888,79,79),(593,3,4399,79,79),(594,4,6500,79,79),(595,5,8888,79,21),(596,6,9888,79,2),(597,7,19999,79,4),(598,1,210,80,80),(599,2,3200,80,80),(600,3,5400,80,80),(601,4,6500,80,21),(602,5,8888,80,32),(603,6,9999,80,4),(604,7,12000,80,7),(605,1,460,81,81),(606,2,1200,81,81),(607,3,3200,81,81),(608,4,6554,81,81),(609,5,8888,81,81),(610,6,9887,81,81),(611,7,19999,81,3),(612,1,20,82,82),(613,2,188,82,82),(614,3,10000,82,11),(615,4,19000,82,33),(616,5,21999,82,444),(617,6,54000,82,55),(618,7,76666,82,5),(619,1,100,83,83),(620,2,1888,83,83),(621,3,4399,83,83),(622,4,8700,83,83),(623,5,8794,83,5),(624,6,12000,83,44),(625,7,43999,83,3),(626,1,2100,84,84),(627,2,3200,84,84),(628,3,6500,84,84),(629,4,6666,84,84),(630,5,8888,84,84),(631,6,9888,84,84),(632,7,19999,84,1),(633,1,2100,85,85),(634,2,3333,85,85),(635,3,6500,85,85),(636,4,8888,85,44),(637,5,9999,85,33),(638,6,12888,85,2),(639,7,19999,85,4),(640,1,3200,86,86),(641,2,6666,86,86),(642,3,8777,86,86),(643,4,9888,86,86),(644,5,9999,86,86),(645,6,12222,86,86),(646,7,19999,86,3),(647,1,1200,87,87),(648,2,2100,87,87),(649,3,3200,87,87),(650,4,4300,87,87),(651,5,7777,87,87),(652,6,8888,87,22),(653,7,18888,87,11),(654,1,1788,88,88),(655,2,2100,88,88),(656,3,4399,88,22),(657,4,8777,88,21),(658,5,9999,88,33),(659,6,21000,88,11),(660,7,34000,88,2),(661,1,210,89,44),(662,2,1200,89,33),(663,3,3200,89,444),(664,4,4333,89,55),(665,5,5666,89,2),(666,6,9888,89,43),(667,7,12999,89,1),(668,1,1400,90,122),(669,2,3299,90,43),(670,3,8888,90,90),(671,4,9900,90,21),(672,5,10000,90,33),(673,6,12000,90,3),(674,7,23999,90,7),(675,1,1200,91,91),(676,2,3200,91,91),(677,3,6555,91,21),(678,4,9999,91,22),(679,5,12000,91,2),(680,6,23000,91,2),(681,7,34000,91,5),(682,1,2100,92,21),(683,2,4300,92,122),(684,3,5400,92,477),(685,4,6333,92,43),(686,5,9888,92,32),(687,6,12000,92,2),(688,7,18888,92,17);
/*!40000 ALTER TABLE `rooms` ENABLE KEYS */;
UNLOCK TABLES;
/*!40103 SET TIME_ZONE=@OLD_TIME_ZONE */;

/*!40101 SET SQL_MODE=@OLD_SQL_MODE */;
/*!40014 SET FOREIGN_KEY_CHECKS=@OLD_FOREIGN_KEY_CHECKS */;
/*!40014 SET UNIQUE_CHECKS=@OLD_UNIQUE_CHECKS */;
/*!40101 SET CHARACTER_SET_CLIENT=@OLD_CHARACTER_SET_CLIENT */;
/*!40101 SET CHARACTER_SET_RESULTS=@OLD_CHARACTER_SET_RESULTS */;
/*!40101 SET COLLATION_CONNECTION=@OLD_COLLATION_CONNECTION */;
/*!40111 SET SQL_NOTES=@OLD_SQL_NOTES */;

-- Dump completed on 2016-12-18 15:18:37
